title,upvotes,answerCount,url,queId
Simple game comprising Java backend & React.js frontend. Best approach with Google app engine?,0,0,https://stackoverflow.com/questions/72310425/simple-game-comprising-java-backend-react-js-frontend-best-approach-with-goog,72310425
Structuring and deploying node frontend and backend to Google App Engine,0,1,https://stackoverflow.com/questions/70685031/structuring-and-deploying-node-frontend-and-backend-to-google-app-engine,70685031
Deploying DjangoREST+React project on a single google cloud app engine instance. Is it possible?,2,1,https://stackoverflow.com/questions/63280199/deploying-djangorestreact-project-on-a-single-google-cloud-app-engine-instance,63280199
Deploy create-react-app-typescript on Google App Engine,1,1,https://stackoverflow.com/questions/61586978/deploy-create-react-app-typescript-on-google-app-engine,61586978
troubles getting restTemplate.exchange configured correctly,0,0,https://stackoverflow.com/questions/72314000/troubles-getting-resttemplate-exchange-configured-correctly,72314000
"Problem with ""Personal_Sign"" in ethereum.request - ""Invalid parameters: must provide an Ethereum address.""",0,0,https://stackoverflow.com/questions/72313999/problem-with-personal-sign-in-ethereum-request-invalid-parameters-must-pro,72313999
conditional position absolute CSS?,0,0,https://stackoverflow.com/questions/72314008/conditional-position-absolute-css,72314008
Simulating a Motor with PLCs in Atumation studio,-1,0,https://stackoverflow.com/questions/72313997/simulating-a-motor-with-plcs-in-atumation-studio,72313997
How to access non locals variables (lazy format)?,0,0,https://stackoverflow.com/questions/72314003/how-to-access-non-locals-variables-lazy-format,72314003
Adding a timer to the code and then looping it,0,0,https://stackoverflow.com/questions/72313996/adding-a-timer-to-the-code-and-then-looping-it,72313996
Laravel seeding date and foreign key,0,0,https://stackoverflow.com/questions/72313982/laravel-seeding-date-and-foreign-key,72313982
Using onSelect or onClick to save variable into session?,0,0,https://stackoverflow.com/questions/72313986/using-onselect-or-onclick-to-save-variable-into-session,72313986
How to save token in frontend with security,0,0,https://stackoverflow.com/questions/72313995/how-to-save-token-in-frontend-with-security,72313995
Error when running selenium on Apache Airflow- Issue related to ChromeDriver run-Giving Unkown error,0,0,https://stackoverflow.com/questions/72313988/error-when-running-selenium-on-apache-airflow-issue-related-to-chromedriver-run,72313988
